Workbook

Sheet Matriz de probabilidad
B1: Matriz de la probabilidad de los riesgos — RideU
B2: Factores del riesgo (Probabilidad × Impacto)
D4: FACTOR DEL RIESGO (PROBABILIDAD X IMPACTO)
B5: Probabilidad de Ocurrencia | D5: Impacto
B6: Muy Alto | C6: =Escalas!C6 -> 0.9 | D6: =$C6*D$11 -> 0.045 | E6: =$C6*E$11 -> 0.09 | F6: =$C6*F$11 -> 0.18 | G6: =$C6*G$11 -> 0.36 | H6: =$C6*H$11 -> 0.72
B7: Alto | C7: =Escalas!C7 -> 0.7 | D7: =$C7*D$11 -> 0.035 | E7: =$C7*E$11 -> 0.07 | F7: =$C7*F$11 -> 0.14 | G7: =$C7*G$11 -> 0.28 | H7: =$C7*H$11 -> 0.56
B8: Moderado | C8: =Escalas!C8 -> 0.5 | D8: =$C8*D$11 -> 0.025 | E8: =$C8*E$11 -> 0.05 | F8: =$C8*F$11 -> 0.1 | G8: =$C8*G$11 -> 0.2 | H8: =$C8*H$11 -> 0.4
B9: Bajo | C9: =Escalas!C9 -> 0.3 | D9: =$C9*D$11 -> 0.015 | E9: =$C9*E$11 -> 0.03 | F9: =$C9*F$11 -> 0.06 | G9: =$C9*G$11 -> 0.12 | H9: =$C9*H$11 -> 0.24
B10: Muy Bajo | C10: =Escalas!C10 -> 0.1 | D10: =$C10*D$11 -> 0.005 | E10: =$C10*E$11 -> 0.01 | F10: =$C10*F$11 -> 0.02 | G10: =$C10*G$11 -> 0.04 | H10: =$C10*H$11 -> 0.08
D11: =Escalas!C15 -> 0.05 | E11: =Escalas!C16 -> 0.1 | F11: =Escalas!C17 -> 0.2 | G11: =Escalas!C18 -> 0.4 | H11: =Escalas!C19 -> 0.8
D12: Muy Bajo | E12: Bajo | F12: Moderado | G12: Alto | H12: Muy Alto
D15: UBICACIÓN DE LOS RIESGOS DE RIDEU EN LA MATRIZ
B16: Probabilidad de Ocurrencia | D16: Impacto
B17: Muy Alto | C17: =Escalas!C6 -> 0.9
B18: Alto | C18: =Escalas!C7 -> 0.7 | F18: R05, R08 | G18: R01
B19: Moderado | C19: =Escalas!C8 -> 0.5 | E19: R12, R13, R14 | F19: R03, R04 | G19: R02
B20: Bajo | C20: =Escalas!C9 -> 0.3 | F20: R11 | G20: R06, R07 | H20: R09
B21: Muy Bajo | C21: =Escalas!C10 -> 0.1 | H21: R10
D22: =Escalas!C15 -> 0.05 | E22: =Escalas!C16 -> 0.1 | F22: =Escalas!C17 -> 0.2 | G22: =Escalas!C18 -> 0.4 | H22: =Escalas!C19 -> 0.8
D23: Muy Bajo | E23: Bajo | F23: Moderado | G23: Alto | H23: Muy Alto
B25: Esta segunda matriz ubica cada riesgo del «Registro de riesgos» según su probabilidad e impacto. Si se cambia la valoración de un riesgo, hay que moverlo aquí.

Sheet Escalas
B1: RideU — Escalas de probabilidad e impacto
B2: Calibradas al MVP: 12 semanas (60 días hábiles), 11 historias de usuario en 5 épicas.
B4: 1. Escala de probabilidad de ocurrencia
B5: Nivel | C5: Probabilidad | D5: Criterio para RideU
B6: Muy Alto | C6: 0.9 | D6: Casi seguro que ocurra; ya hay señales de que está ocurriendo.
B7: Alto | C7: 0.7 | D7: Es probable que ocurra en la mayoría de los sprints.
B8: Moderado | C8: 0.5 | D8: Puede ocurrir en alguno de los sprints; hay antecedentes en proyectos académicos similares.
B9: Bajo | C9: 0.3 | D9: Puede ocurrir una vez durante las 12 semanas del proyecto.
B10: Muy Bajo | C10: 0.1 | D10: Muy improbable; solo ocurriría en circunstancias excepcionales.
B13: 2. Escala de impacto
B14: Nivel | C14: Impacto | D14: Cronograma (60 días hábiles) | E14: Alcance y calidad del MVP
B15: Muy Bajo | C15: 0.05 | D15: Retraso menor a 1 día hábil. | E15: Sin efecto en el alcance; se corrige dentro de la misma tarea.
B16: Bajo | C16: 0.1 | D16: Retraso de 1 a 2 días hábiles. | E16: Afecta una tarea; los criterios de aceptación se cumplen dentro del sprint.
B17: Moderado | C17: 0.2 | D17: Retraso de 3 a 5 días hábiles. | E17: Una HU pasa al siguiente sprint o un criterio de aceptación queda pendiente.
B18: Alto | C18: 0.4 | D18: Retraso de 6 a 10 días hábiles. | E18: Una épica no se completa en su sprint y se compromete una entrega parcial.
B19: Muy Alto | C19: 0.8 | D19: Retraso mayor a 10 días hábiles sobre el plazo de 60. | E19: Una funcionalidad núcleo (autenticación o reservas) no opera en la entrega del MVP.
B22: Zonas del factor de riesgo (Probabilidad × Impacto)
B23: Zona | C23: Rango | D23: Color | E23: Tratamiento
B24: Bajo | C24: Hasta 5% | E24: Aceptar y monitorear en la revisión de cada sprint.
B25: Medio | C25: Mayor a 5% y menor a 18% | E25: Mitigar con acciones planificadas dentro del sprint.
B26: Alto | C26: Desde 18% | E26: Plan de respuesta inmediato y seguimiento en cada reunión del equipo.

Sheet Registro de riesgos
B1: RideU — Registro y valoración de riesgos
B2: Probabilidad e Impacto se eligen de la lista; los porcentajes, el factor y la zona se calculan solos.
B4: ID | C4: Categoría | D4: Riesgo | E4: Épica / HU afectada | F4: Probabilidad | G4: P (%) | H4: Impacto | I4: I (%) | J4: Factor (P×I) | K4: Zona | L4: Estrategia | M4: Acción de respuesta | N4: Responsable | O4: Señal de alerta
B5: R01 | C5: Cronograma | D5: La carga académica de otras asignaturas reduce las horas disponibles del equipo y retrasa las tareas de los sprints. | E5: Todo el proyecto | F5: Alto | G5: =INDEX(Escalas!$C$6:$C$10,MATCH(F5,Escalas!$B$6:$B$10,0)) -> 0.7 | H5: Alto | I5: =INDEX(Escalas!$C$15:$C$19,MATCH(H5,Escalas!$B$15:$B$19,0)) -> 0.4 | J5: =G5*I5 -> 0.28 | K5: =IF(ROUND(J5,4)>=0.18,"Alto",IF(ROUND(J5,4)>0.05,"Medio","Bajo")) -> Alto | L5: Mitigar | M5: Planificar cada sprint con las horas reales de cada integrante y dejar holgura en semanas de parciales. | N5: Jancer Camilo Chamorro Caicedo | O5: Más de dos tareas del sprint sin iniciar a mitad del sprint.
B6: R02 | C6: Técnico | D6: Dos pasajeros reservan el último cupo al mismo tiempo y el sistema registra ambas reservas (sobre-reserva). | E6: E04 / HU07 | F6: Moderado | G6: =INDEX(Escalas!$C$6:$C$10,MATCH(F6,Escalas!$B$6:$B$10,0)) -> 0.5 | H6: Alto | I6: =INDEX(Escalas!$C$15:$C$19,MATCH(H6,Escalas!$B$15:$B$19,0)) -> 0.4 | J6: =G6*I6 -> 0.2 | K6: =IF(ROUND(J6,4)>=0.18,"Alto",IF(ROUND(J6,4)>0.05,"Medio","Bajo")) -> Alto | L6: Mitigar | M6: Reserva dentro de una transacción con bloqueo de fila en PostgreSQL y restricción de cupos no negativos; probar con dos sesiones simultáneas. | N6: José Manuel Barrera Diago | O6: Falla el caso de prueba de concurrencia de HU07 o aparecen cupos negativos.
B7: R03 | C7: Técnico | D7: El correo de verificación no llega o cae en spam en los buzones @unicauca.edu.co y los usuarios no activan su cuenta. | E7: E01 / HU01 | F7: Moderado | G7: =INDEX(Escalas!$C$6:$C$10,MATCH(F7,Escalas!$B$6:$B$10,0)) -> 0.5 | H7: Moderado | I7: =INDEX(Escalas!$C$15:$C$19,MATCH(H7,Escalas!$B$15:$B$19,0)) -> 0.2 | J7: =G7*I7 -> 0.1 | K7: =IF(ROUND(J7,4)>=0.18,"Alto",IF(ROUND(J7,4)>0.05,"Medio","Bajo")) -> Medio | L7: Mitigar | M7: Usar un servicio de envío transaccional configurado y probar desde el sprint 1 con cuentas reales del equipo. | N7: Juan Sebastián Meneses Palta | O7: Usuarios de prueba no reciben el correo en los primeros minutos.
B8: R04 | C8: Equipo | D8: La curva de aprendizaje de JWT, bcrypt y Zod/Joi retrasa la épica de autenticación. | E8: E01 / HU01, HU02 | F8: Moderado | G8: =INDEX(Escalas!$C$6:$C$10,MATCH(F8,Escalas!$B$6:$B$10,0)) -> 0.5 | H8: Moderado | I8: =INDEX(Escalas!$C$15:$C$19,MATCH(H8,Escalas!$B$15:$B$19,0)) -> 0.2 | J8: =G8*I8 -> 0.1 | K8: =IF(ROUND(J8,4)>=0.18,"Alto",IF(ROUND(J8,4)>0.05,"Medio","Bajo")) -> Medio | L8: Mitigar | M8: Prueba de concepto de autenticación al inicio del sprint 1, antes de implementar HU02. | N8: José Manuel Barrera Diago | O8: HU02 supera su estimación en más de un día.
B9: R05 | C9: Alcance | D9: El docente evaluador solicita nuevos ajustes a historias o criterios durante el proyecto. | E9: Backlog completo | F9: Alto | G9: =INDEX(Escalas!$C$6:$C$10,MATCH(F9,Escalas!$B$6:$B$10,0)) -> 0.7 | H9: Moderado | I9: =INDEX(Escalas!$C$15:$C$19,MATCH(H9,Escalas!$B$15:$B$19,0)) -> 0.2 | J9: =G9*I9 -> 0.14 | K9: =IF(ROUND(J9,4)>=0.18,"Alto",IF(ROUND(J9,4)>0.05,"Medio","Bajo")) -> Medio | L9: Mitigar | M9: Registrar cada cambio en el backlog con su trazabilidad y planificarlo en el siguiente sprint, sin alterar el sprint en curso. | N9: Jancer Camilo Chamorro Caicedo | O9: Llega retroalimentación que modifica HU ya aprobadas.
B10: R06 | C10: Equipo | D10: Ausencia prolongada de un integrante; los roles de Tester y Analista dependen de una sola persona. | E10: Todo el proyecto | F10: Bajo | G10: =INDEX(Escalas!$C$6:$C$10,MATCH(F10,Escalas!$B$6:$B$10,0)) -> 0.3 | H10: Alto | I10: =INDEX(Escalas!$C$15:$C$19,MATCH(H10,Escalas!$B$15:$B$19,0)) -> 0.4 | J10: =G10*I10 -> 0.12 | K10: =IF(ROUND(J10,4)>=0.18,"Alto",IF(ROUND(J10,4)>0.05,"Medio","Bajo")) -> Medio | L10: Mitigar | M10: Mantener casos de prueba y criterios en el repositorio compartido y asignar un respaldo para cada rol. | N10: José Manuel Chávez Guancha | O10: Un integrante falta a dos reuniones seguidas.
B11: R07 | C11: Integración | D11: La integración frontend–backend se deja para el final y acumula defectos en la fase 1.7. | E11: Todas las épicas | F11: Bajo | G11: =INDEX(Escalas!$C$6:$C$10,MATCH(F11,Escalas!$B$6:$B$10,0)) -> 0.3 | H11: Alto | I11: =INDEX(Escalas!$C$15:$C$19,MATCH(H11,Escalas!$B$15:$B$19,0)) -> 0.4 | J11: =G11*I11 -> 0.12 | K11: =IF(ROUND(J11,4)>=0.18,"Alto",IF(ROUND(J11,4)>0.05,"Medio","Bajo")) -> Medio | L11: Mitigar | M11: Definir el contrato de la API al inicio e integrar cada HU al cierre de su sprint (pruebas por módulo desde la semana 2). | N11: Juan Sebastián Meneses Palta | O11: Al cierre de un sprint hay HU terminadas en backend sin vista integrada.
B12: R08 | C12: Seguridad | D12: Los datos de vehículo y licencia son autodeclarados y un usuario registra información falsa. | E12: E02 / HU03 | F12: Alto | G12: =INDEX(Escalas!$C$6:$C$10,MATCH(F12,Escalas!$B$6:$B$10,0)) -> 0.7 | H12: Moderado | I12: =INDEX(Escalas!$C$15:$C$19,MATCH(H12,Escalas!$B$15:$B$19,0)) -> 0.2 | J12: =G12*I12 -> 0.14 | K12: =IF(ROUND(J12,4)>=0.18,"Alto",IF(ROUND(J12,4)>0.05,"Medio","Bajo")) -> Medio | L12: Aceptar | M12: Validar formato de placa y vigencia de la licencia; la verificación ante el RUNT queda fuera del MVP y se declara en los términos de uso. | N12: Jancer Camilo Chamorro Caicedo | O12: Placas repetidas o datos de licencia inconsistentes en la base de datos.
B13: R09 | C13: Despliegue | D13: Falla el despliegue del MVP en las semanas finales (límites del hosting, variables de entorno, base de datos remota). | E13: Fase 1.8 | F13: Bajo | G13: =INDEX(Escalas!$C$6:$C$10,MATCH(F13,Escalas!$B$6:$B$10,0)) -> 0.3 | H13: Muy Alto | I13: =INDEX(Escalas!$C$15:$C$19,MATCH(H13,Escalas!$B$15:$B$19,0)) -> 0.8 | J13: =G13*I13 -> 0.24 | K13: =IF(ROUND(J13,4)>=0.18,"Alto",IF(ROUND(J13,4)>0.05,"Medio","Bajo")) -> Alto | L13: Mitigar | M13: Desplegar una versión de prueba desde el sprint 2 y al cierre de cada sprint; mantener un ambiente local de demostración como contingencia. | N13: José Manuel Barrera Diago | O13: Falla el despliegue de prueba o la base de datos remota no responde.
B14: R10 | C14: Técnico | D14: Pérdida de código o conflictos graves en el repositorio. | E14: Todo el proyecto | F14: Muy Bajo | G14: =INDEX(Escalas!$C$6:$C$10,MATCH(F14,Escalas!$B$6:$B$10,0)) -> 0.1 | H14: Muy Alto | I14: =INDEX(Escalas!$C$15:$C$19,MATCH(H14,Escalas!$B$15:$B$19,0)) -> 0.8 | J14: =G14*I14 -> 0.08 | K14: =IF(ROUND(J14,4)>=0.18,"Alto",IF(ROUND(J14,4)>0.05,"Medio","Bajo")) -> Medio | L14: Mitigar | M14: Una rama por HU, pull requests revisados y rama principal protegida. | N14: Juan Sebastián Meneses Palta | O14: Conflictos de fusión repetidos en la rama principal.
B15: R11 | C15: Legal | D15: Se exponen datos personales (teléfono, correo) sin autorización, en contra de la Ley 1581 de 2012. | E15: E05 / HU10, HU11 | F15: Bajo | G15: =INDEX(Escalas!$C$6:$C$10,MATCH(F15,Escalas!$B$6:$B$10,0)) -> 0.3 | H15: Moderado | I15: =INDEX(Escalas!$C$15:$C$19,MATCH(H15,Escalas!$B$15:$B$19,0)) -> 0.2 | J15: =G15*I15 -> 0.06 | K15: =IF(ROUND(J15,4)>=0.18,"Alto",IF(ROUND(J15,4)>0.05,"Medio","Bajo")) -> Medio | L15: Mitigar | M15: Pedir autorización de tratamiento de datos en el registro y mostrar el teléfono solo con reserva confirmada. | N15: Jancer Camilo Chamorro Caicedo | O15: Un teléfono queda visible para un usuario sin reserva confirmada.
B16: R12 | C16: Calidad | D16: Backlog, historias, casos de prueba y paths quedan inconsistentes y las pruebas no corresponden a lo implementado. | E16: Todo el proyecto | F16: Moderado | G16: =INDEX(Escalas!$C$6:$C$10,MATCH(F16,Escalas!$B$6:$B$10,0)) -> 0.5 | H16: Bajo | I16: =INDEX(Escalas!$C$15:$C$19,MATCH(H16,Escalas!$B$15:$B$19,0)) -> 0.1 | J16: =G16*I16 -> 0.05 | K16: =IF(ROUND(J16,4)>=0.18,"Alto",IF(ROUND(J16,4)>0.05,"Medio","Bajo")) -> Bajo | L16: Mitigar | M16: Mantener la matriz de trazabilidad HU–CA–CP–path y revisarla al inicio de cada sprint. | N16: José Manuel Chávez Guancha | O16: Un caso de prueba cita un path o botón que no existe en la HU.
... B18: R14 | C18: Negocio | D18: Pocos trayectos publicados durante las pruebas con usuarios impiden validar búsqueda y reserva. | E18: E03, E04 | F18: Moderado | G18: =INDEX(Escalas!$C$6:$C$10,MATCH(F18,Escalas!$B$6:$B$10,0)) -> 0.5 | H18: Bajo | I18: =INDEX(Escalas!$C$15:$C$19,MATCH(H18,Escalas!$B$15:$B$19,0)) -> 0.1 | J18: =G18*I18 -> 0.05 | K18: =IF(ROUND(J18,4)>=0.18,"Alto",IF(ROUND(J18,4)>0.05,"Medio","Bajo")) -> Bajo | L18: Mitigar | M18: Cargar datos de prueba con trayectos y sedes reales (Tulcán, Centro, FIET) antes de cada prueba. | N18: José Manuel Chávez Guancha | O18: Menos de cinco trayectos activos en el ambiente de pruebas.
D20: Resumen por zona
D21: Alto | E21: =COUNTIF($K$5:$K$18,D21) -> 3
D22: Medio | E22: =COUNTIF($K$5:$K$18,D22) -> 8
D23: Bajo | E23: =COUNTIF($K$5:$K$18,D23) -> 3
D24: Total | E24: =SUM(E21:E23) -> 14
